472	1	YES	YES	Skeleton	Castles	Black Castle	Always
106	1	YES	YES		Trees	Red Tree	Always
125	1	YES	YES		Statues	Soldier Statue	Always
127	1	YES	YES		Statues	Soldier Statue	Always
1463	1	YES	YES		Wonders	Time Machine	Always
100	1	YES	YES		Trees	Yellow Tree	Always
422		YES	YES	Atlantis Archer	Limited Edition	Atlantis Archery	Atlantis
420		YES	YES		Limited Edition	Atlantis Decoration	Atlantis
427		YES	YES		Limited Edition	Atlantis Field	Atlantis
428		YES	YES		Limited Edition	Atlantis Mill	Atlantis
421		YES	YES	Atlantis Warrior	Limited Edition	Atlantis Quarters	Atlantis
426		YES	YES		Limited Edition	Atlantis Tower	Atlantis
425		YES	YES		Limited Edition	Atlantis Wall	Atlantis
423		YES	YES	Crab Knight	Limited Edition	Crab Stables	Atlantis
418		YES	YES		Limited Edition	Dolphin Fountain	Atlantis
417		YES	YES		Limited Edition	Hermit	Atlantis
419		YES	YES		Limited Edition	Leviathan	Atlantis
430		YES	YES	Neptune	Specials	Neptune's Palace	Atlantis
424		YES	YES	Seahorse	Limited Edition	Seahorse Stables	Atlantis
276		YES			Limited Edition	Aztec Ball Field	Aztec
274		YES			Limited Edition	Aztec Boss	Aztec
280		YES	YES		Limited Edition	Aztec Calendar	Aztec
281		YES	YES		Limited Edition	Aztec Decoration	Aztec
272		YES	YES		Limited Edition	Aztec Field	Aztec
267		YES	YES		Limited Edition	Aztec House	Aztec
271		YES	YES		Limited Edition	Aztec Mill	Aztec
268		YES		Aztec Warrior	Limited Edition	Aztec Quarters	Aztec
282		YES	YES		Limited Edition	Aztec Temple	Aztec
270		YES			Turrets	Aztec Tower	Aztec
269		YES			Limited Edition	Aztec Wall	Aztec
275		YES			Limited Edition	Quetzacoatl	Aztec
277		YES	YES		Limited Edition	Skull Statue	Aztec
273		YES			Limited Edition	Snake Statue	Aztec
279		YES	YES		Limited Edition	Solar Structure	Aztec
1235		YES	YES	Avenging Paladin	Limited Edition	Avenging Paladin Barracks	Celestial
1216		YES	YES	Celestial Archer	Limited Edition	Celestial Archery	Celestial
1217		YES	YES	Celestial Soldier	Limited Edition	Celestial Barracks	Celestial
1228		YES	YES		Limited Edition	Celestial Cloud	Celestial
1220		YES	YES		Limited Edition	Celestial Field	Celestial
1227		YES	YES		Limited Edition	Celestial Garden	Celestial
1221		YES	YES		Limited Edition	Celestial House	Celestial
1226		YES	YES		Limited Edition	Celestial Mill	Celestial
1215		YES	YES	Celestial Priest	Limited Edition	Celestial Shrine	Celestial
1229		YES	YES		Limited Edition	Celestial Statue	Celestial
1219		YES	YES		Limited Edition	Celestial Tower	Celestial
1218		YES	YES		Limited Edition	Celestial Wall	Celestial
1223		YES	YES	Gryphon Knight	Limited Edition	Gryphon Barracks	Celestial
1225		YES	YES	Celestial Lancer	Limited Edition	Lancer Barracks	Celestial
1222		YES	YES	Celestial Mech	Limited Edition	Mecha Barrack	Celestial
1526		YES	YES	Punisher Knight	Limited Edition	Punisher Knight Barrack	Celestial
1224		YES	YES	Celestial Reaper	Limited Edition	Reaper Barracks	Celestial
1232		YES	YES	Celestial Supreme	Limited Edition	Supreme Barracks	Celestial
1274		YES	YES	Valkyr	Limited Edition	Valkyr Barracks	Celestial
244		YES	YES		Limited Edition	Bamboo Mill	Chinese
255		YES	YES		Limited Edition	Buddha	Chinese
241		YES		Chinese Archer	Limited Edition	Chinese Archery	Chinese
487		YES				Chinese Festival	Chinese
245		YES	YES		Limited Edition	Chinese Field	Chinese
240		YES	YES		Limited Edition	Chinese House	Chinese
249		YES			Limited Edition	Chinese Temple	Chinese
243		YES			Limited Edition	Chinese Tower	Chinese
103		YES			Trees	Chinese Tree	Chinese
253		YES	YES		Limited Edition	Chinese Tree	Chinese
57		YES			Wonders	Chinese Wall	Chinese
242		YES			Limited Edition	Chinese Wall	Chinese
254		YES	YES		Limited Edition	Dragon	Chinese
252		YES	YES		Limited Edition	Drum	Chinese
247		YES			Limited Edition	Geisha	Chinese
248		YES			Limited Edition	Kite	Chinese
250		YES	YES		Limited Edition	Maneki Neko	Chinese
251		YES	YES		Limited Edition	Noodles	Chinese
246		YES			Limited Edition	Panda	Chinese
206		YES	YES		Statues	Crocodile Pit	CollectionReward
180		YES	YES		Flags	Frozen Mammoth	CollectionReward
178		YES	YES		Flags	Garden	CollectionReward
179		YES	YES		Flags	Golden Fountain	CollectionReward
208		YES	YES		Statues	Guillotine	CollectionReward
207		YES	YES		Statues	Life Tree	CollectionReward
209		YES	YES		Statues	Prison	CollectionReward
176		YES	YES		Flags	Pyramid	CollectionReward
1371		YES	YES		Limited Edition	Abu Simbel Statue	Egyptian
1382		YES	YES	Anubis God	Limited Edition	Anubis God Barracks	Egyptian
400		YES	YES		Limited Edition	Anubis Statue	Egyptian
406		YES	YES		Limited Edition	Anubis Statue	Egyptian
393		YES	YES	Anubis Avatar	Limited Edition	Anubis Temple	Egyptian
407		YES	YES		Limited Edition	Black Anubis	Egyptian
399		YES	YES		Limited Edition	Camel	Egyptian
410		YES	YES	Camel Rider	Limited Edition	Camel Stables	Egyptian
401		YES	YES		Limited Edition	Cat Statue	Egyptian
398		YES	YES		Limited Edition	Cleopatra	Egyptian
1381		YES	YES	Cobra Rider	Limited Edition	Cobra Rider Barracks	Egyptian
396		YES	YES		Limited Edition	Egyptian Field	Egyptian
411		YES	YES		Limited Edition	Egyptian House	Egyptian
397		YES	YES		Limited Edition	Egyptian Mine	Egyptian
409		YES	YES	Egyptian Warrior	Limited Edition	Egyptian Quarters	Egyptian
395		YES	YES		Limited Edition	Egyptian Tower	Egyptian
394		YES	YES		Limited Edition	Egyptian Wall	Egyptian
404		YES	YES		Limited Edition	Goat Sphynx	Egyptian
1363		YES	YES	Guardian Archer	Limited Edition	Guardian Archer Barracks	Egyptian
1379		YES	YES	Guardian Axe	Limited Edition	Guardian Axe Barracks	Egyptian
1362		YES	YES	Guardian Swordsman	Limited Edition	Guardian Swordman Barracks	Egyptian
1380		YES	YES	Horus Gryphon	Limited Edition	Horus Gryphon Barracks	Egyptian
1365		YES	YES	Horus Herald	Limited Edition	Horus Herald Barracks	Egyptian
1364		YES	YES	Isis Healer	Limited Edition	Isis Healer Barracks	Egyptian
1369		YES	YES		Limited Edition	Isis Statue	Egyptian
1370		YES	YES		Limited Edition	Keops Pyramid	Egyptian
415		YES	YES	Mummy	Specials	Mummy Pyramid	Egyptian
408		YES	YES		Limited Edition	Pharaoh	Egyptian
1375		YES	YES		Limited Edition	Pharaohs Field	Egyptian
1372		YES	YES		Limited Edition	Pharaohs Gold Mine	Egyptian
1376		YES	YES		Limited Edition	Pharaohs House	Egyptian
1374		YES	YES		Limited Edition	Pharaohs Tower	Egyptian
1373		YES	YES		Limited Edition	Pharaohs Wall	Egyptian
405		YES	YES		Limited Edition	Ra Sphynx	Egyptian
402		YES	YES		Limited Edition	Ra Statue	Egyptian
1366		YES	YES	Ramses II	Limited Edition	Ramses II Barracks	Egyptian
1368		YES	YES		Limited Edition	Sarcophagus	Egyptian
1396		YES	YES	Scarab Rider	Limited Edition	Scarab Rider Barracks	Egyptian
1367		YES	YES	Sphinx	Limited Edition	Sphinx Barracks	Egyptian
403		YES	YES		Limited Edition	Sphynx	Egyptian
1383		YES	YES	Tuthankamon	Limited Edition	Tutankamon Barracks	Egyptian
466		YES	YES	Elf Druid	Limited Edition	Druid's Hut	Elven
444		YES	YES	Elf Druid	Limited Edition	Druids' Council	Elven
443		YES	YES	Elf Archer	Limited Edition	Elf Archer	Elven
1398		YES	YES	Imperial Elf Archer	Limited Edition	Elf Archer Barracks	Elven
1414		YES	YES	Imperial Elf Axe	Limited Edition	Elf Axe Barracks	Elven
442		YES	YES	Elf Warrior	Limited Edition	Elf Barracks	Elven
1416		YES	YES	Imperial Elf Catapult	Limited Edition	Elf Catapult Barracks	Elven
451		YES	YES		Limited Edition	Elf Eagle Aviary	Elven
448		YES	YES		Limited Edition	Elf Field	Elven
441		YES	YES		Limited Edition	Elf Fountain	Elven
1402		YES	YES		Limited Edition	Elf Fountain	Elven
439		YES	YES		Limited Edition	Elf Gazebo	Elven
1415		YES	YES	Imperial Elf Gryphon	Limited Edition	Elf Gryphon Barracks	Elven
440		YES	YES		Limited Edition	Elf Hero Statue	Elven
450		YES	YES		Limited Edition	Elf House	Elven
1400		YES	YES	Imperial Elf Knight	Limited Edition	Elf Knight Barracks	Elven
438		YES	YES		Limited Edition	Elf Life Tree	Elven
449		YES	YES		Limited Edition	Elf Mill	Elven
1399		YES	YES	Elf Priest	Limited Edition	Elf Priest Barracks	Elven
1401		YES	YES	Reptile Knight	Limited Edition	Elf Reptile Barracks	Elven
445		YES	YES	Elf Tiger	Limited Edition	Elf Stables	Elven
1397		YES	YES	Imperial Elf Sword	Limited Edition	Elf Swordman Barracks	Elven
447		YES	YES		Limited Edition	Elf Tower	Elven
446		YES	YES		Limited Edition	Elf Wall	Elven
468		YES	YES	Elf Ballista	Limited Edition	Elf Workshop	Elven
1424		YES	YES	Elven Crossbow	Limited Edition	Elven Crossbow Barracks	Elven
1425		YES	YES	Elven Eagle Rider	Limited Edition	Elven Eagle Rider Barracks	Elven
471		YES	YES	Ent	Limited Edition	Ent Barrack	Elven
1454		YES	YES	Golden Paladin	Limited Edition	Golden Paladin Barracks	Elven
1408		YES	YES		Limited Edition	Imperial Elf Field	Elven
1409		YES	YES		Limited Edition	Imperial Elf House	Elven
1405		YES	YES		Limited Edition	Imperial Elf Mill	Elven
1407		YES	YES		Limited Edition	Imperial Elf Tower	Elven
1406		YES	YES		Limited Edition	Imperial Elf Wall	Elven
1420		YES	YES	Red Bull Rider	Limited Edition	Red Bull Rider Barracks	Elven
467		YES	YES	Elf Royal Archer	Limited Edition	Royal Archery	Elven
465		YES	YES	Royal Elf	Limited Edition	Royal Barrack	Elven
1421		YES	YES	Silver Paladin	Limited Edition	Silver Paladin Barracks	Elven
1516		YES	YES	4-Weapons Gladiator	Limited Edition	4-Weapons Gladiator Barrack	Gladiators
1495		YES	YES	Demolisher Gladiator	Limited Edition	Barrack Demolisher Gladiator	Gladiators
1494		YES	YES	Knight Gladiator	Limited Edition	Barrack Knight Gladiator	Gladiators
1496		YES	YES	Lizard Gladiator	Limited Edition	Barrack Lizard Gladiator	Gladiators
1493		YES	YES	Spearman Gladiator	Limited Edition	Barrack Spearman Gladiator	Gladiators
1492		YES	YES	Sword Gladiator	Limited Edition	Barrack Sword Gladiator	Gladiators
1518		YES	YES	Blade Gladiator	Limited Edition	Blade Gladiator Barrack	Gladiators
1513		YES	YES	Bull Gladiator	Limited Edition	Bull Gladiator Barrack	Gladiators
1522		YES	YES	Caesar Gladiator	Limited Edition	Caesar Gladiator Barrack	Gladiators
1517		YES	YES	Centaur Gladiator	Limited Edition	Centaur Gladiator Barrack	Gladiators
1521		YES	YES	Chariot Gladiator	Limited Edition	Chariot Gladiator Barrack	Gladiators
1520		YES	YES	Devil Gladiator	Limited Edition	Devil Gladiator Barrack	Gladiators
1497		YES	YES		Limited Edition	Gladiator Bust Deco	Gladiators
1502		YES	YES		Limited Edition	Gladiator Field	Gladiators
1503		YES	YES		Limited Edition	Gladiator House	Gladiators
1499		YES	YES		Limited Edition	Gladiator Mill	Gladiators
1501		YES	YES		Limited Edition	Gladiator Tower	Gladiators
1500		YES	YES		Limited Edition	Gladiator Wall	Gladiators
1498		YES	YES		Limited Edition	Golden Gladiator Statue	Gladiators
1512		YES	YES	Lion Soul Gladiator	Limited Edition	Lion Soul Gladiator Barrack	Gladiators
1508		YES	YES	Mace Gladiator	Limited Edition	Mace Gladiator Barrack	Gladiators
1519		YES	YES	Minotaur Gladiator	Limited Edition	Minotaur Gladiator Barrack	Gladiators
1509		YES	YES	Priest Gladiator	Limited Edition	Priest Gladiator Barrack	Gladiators
1243		YES	YES	Black Witch	Limited Edition	Black Witch Barracks	Halloween
1249		YES	YES		Limited Edition	Cauldron	Halloween
1510		YES	YES	Death Warrior	Limited Edition	Death Warrior Barrack	Halloween
1250		YES	YES	Dracula	Limited Edition	Dracula Barracks	Halloween
1244		YES	YES	Frankenstein	Limited Edition	Frankenstein Barracks	Halloween
1248		YES	YES		Limited Edition	Ghost	Halloween
1239		YES	YES		Limited Edition	Halloween Farm	Halloween
1240		YES	YES		Limited Edition	Halloween House	Halloween
1236		YES	YES		Limited Edition	Halloween Mill	Halloween
1251		YES	YES		Limited Edition	Halloween SuperTower	Halloween
1238		YES	YES		Limited Edition	Halloween Tower	Halloween
1237		YES	YES		Limited Edition	Halloween Wall	Halloween
1252		YES	YES		Limited Edition	Haunted House	Halloween
107		YES	YES		Trees	Horror Tree	Halloween
1241		YES	YES	Mr. Bones	Limited Edition	Mr. Bones Barracks	Halloween
1242		YES	YES	Scarecrow	Limited Edition	Scarecrow Barracks	Halloween
1245		YES	YES	Werewolf	Limited Edition	Werewolf Barracks	Halloween
1247		YES	YES	Scary Zombie	Limited Edition	Zombie Barracks	Halloween
481		YES	YES		Limited Edition	Bleeding Sculpture	Infernal
1505		YES	YES	Evil Demon	Limited Edition	Evil Demon Barrack	Infernal
478		YES	YES	Infernal Archer	Limited Edition	Infernal Archery	Infernal
476		YES	YES	Infernal Warrior	Limited Edition	Infernal Barracks	Infernal
475		YES	YES		Limited Edition	Infernal Field	Infernal
484		YES	YES	Infernal Halberdier	Limited Edition	Infernal Halberdiery	Infernal
485		YES	YES	Demon Crusher	Limited Edition	Infernal Headquarters	Infernal
477		YES	YES	Infernal Demon	Limited Edition	Infernal Quarters	Infernal
483		YES	YES		Limited Edition	Infernal Sculpture	Infernal
479		YES	YES	Infernal Knight	Limited Edition	Infernal Stables	Infernal
474		YES	YES		Limited Edition	Infernal Tower	Infernal
473		YES	YES		Limited Edition	Infernal Wall	Infernal
1211		YES	YES	Infernal Kamikaze	Specials	Kamikaze Center	Infernal
482		YES	YES		Limited Edition	Magma Fountain	Infernal
1212		YES	YES	Rhino Rider	Limited Edition	Rhino Stables	Infernal
480		YES	YES		Limited Edition	Torch	Infernal
1271		YES	YES		Limited Edition	Ancient Ruins	Mythological
1504		YES	YES	Antimatter Golem	Limited Edition	Antimatter Golem Barrack	Mythological
1281		YES	YES	Aquiles	Limited Edition	Aquiles Barracks	Mythological
1277		YES	YES	Centaur	Limited Edition	Centaur Barracks	Mythological
1265		YES	YES	Cerberus	Limited Edition	Cerberus Barracks	Mythological
1266		YES	YES	Cyclops	Limited Edition	Cyclops Barracks	Mythological
1286		YES	YES	Hades	Limited Edition	Hades Barrack	Mythological
1291		YES	YES	Harpy	Limited Edition	Harpy Barracks	Mythological
1301		YES	YES	Hercules	Limited Edition	Hercules Barracks	Mythological
1269		YES	YES		Limited Edition	Hercules Statue	Mythological
1262		YES	YES	Hermes	Limited Edition	Hermes Barracks	Mythological
1276		YES	YES	Hermes Spearman	Limited Edition	Hermes Spearman Barracks	Mythological
1275		YES	YES	Hermes Swordsman	Limited Edition	Hermes Swordman Barracks	Mythological
1303		YES	YES	Hidros Titan	Limited Edition	Hydros Barracks	Mythological
1261		YES	YES	Icarus	Limited Edition	Icarus Barracks	Mythological
1273		YES	YES	Lythos Titan	Limited Edition	Lythos Barracks	Mythological
1267		YES	YES	Medusa	Limited Edition	Medusa Barracks	Mythological
1263		YES	YES	Minotaur	Limited Edition	Minotaur Barracks	Mythological
1272		YES	YES		Limited Edition	Myth Statue	Mythological
1259		YES	YES		Limited Edition	Mythological Field	Mythological
1260		YES	YES		Limited Edition	Mythological House	Mythological
1256		YES	YES		Limited Edition	Mythological Mill	Mythological
1258		YES	YES		Limited Edition	Mythological Tower	Mythological
1257		YES	YES		Limited Edition	Mythological Wall	Mythological
1280		YES	YES	Poseidon	Limited Edition	Poseidon Barracks	Mythological
1268		YES	YES	Pyros Titan	Limited Edition	Pyros Barracks	Mythological
1278		YES	YES	Rodas Colossus	Limited Edition	Rodhes Colossus Barracks	Mythological
1264		YES	YES	Scorpion	Limited Edition	Scorpion Barracks	Mythological
1292		YES	YES	Stratos Titan	Limited Edition	Stratos Barracks	Mythological
1290		YES	YES	Ulises	Limited Edition	Ulises Barracks	Mythological
1270		YES	YES		Limited Edition	Unicorn Statue	Mythological
1321		YES	YES	Axe Skeleton	Limited Edition	Axe Skeleton Barracks	Necro
1308		YES	YES		Limited Edition	Beholder Eye	Necro
1312		YES	YES	Necro Dark Lord	Limited Edition	Dark Lord Barracks	Necro
1314		YES	YES		Limited Edition	Draco Fountain	Necro
1313		YES	YES		Limited Edition	Green Emerald	Necro
1306		YES	YES	Necro Archer	Limited Edition	Necro Archer Barracks	Necro
1347		YES	YES	Necro Doublesword	Limited Edition	Necro Doublesword Barracks	Necro
1319		YES	YES		Limited Edition	Necro Field	Necro
1323		YES	YES	Necro Fork Soldier	Limited Edition	Necro Fork Barracks	Necro
1348		YES	YES	Necro Ghost	Limited Edition	Necro Ghost Barracks	Necro
1325		YES	YES	Necro  Harvester	Limited Edition	Necro Harvester Barracks	Necro
1322		YES	YES	Necro Horseman	Limited Edition	Necro Horseman Barracks	Necro
1320		YES	YES		Limited Edition	Necro House	Necro
1329		YES	YES	Necro King	Limited Edition	Necro King Barracks	Necro
1316		YES	YES		Limited Edition	Necro Mill	Necro
1326		YES	YES	Necro  Multi-arms	Limited Edition	Necro Multiarms Barracks	Necro
1311		YES	YES	Necro Paladin	Limited Edition	Necro Paladin Barracks	Necro
1309		YES	YES	Necro Priest	Limited Edition	Necro Priest Castle	Necro
1342		YES	YES	Necro Rhino	Limited Edition	Necro Rhino Barracks	Necro
1318		YES	YES		Limited Edition	Necro Tower	Necro
1317		YES	YES		Limited Edition	Necro Wall	Necro
1307		YES	YES	Necro Warrior	Limited Edition	Necro Warrior Barracks	Necro
1343		YES	YES	Skeleton Archer	Limited Edition	Skeleton Archer Barracks	Necro
1305		YES	YES	Sword Skeleton	Limited Edition	Sword Skeleton Barracks	Necro
1310		YES	YES	Necro Winged Warrior	Limited Edition	Winged Warrior Barracks	Necro
1514		YES	YES	Burning Tiger	Limited Edition	Burning Tiger Barrack	None
1403		YES	YES		Limited Edition	Emerald Sculpture	None
414		YES	YES	Elite Knight	Castles	Golden Castle	None
278		YES	YES		Limited Edition	Golden Structure	None
413		YES			Turrets	Golden Tower	None
102		YES	YES		Trees	Happy Tree	None
1478		YES	YES		Limited Edition	Level Up Statue	None
1438		YES	YES		Limited Edition	Skullz Big Amulet	None
1515		YES	YES	T-Rex	Limited Edition	T-Rex Barrack	None
1475		YES	YES	Big Basher Orc	Limited Edition	Big Basher Orc Barrack	Orcs
1483		YES	YES	Black Lizard Rider	Limited Edition	Black Lizard Barrack	Orcs
1435		YES	YES	Boar Axe Rider	Limited Edition	Boar Axe Rider Barrack	Orcs
1486		YES	YES	Boomerang Orc	Limited Edition	Boomerang Orc Barracks	Orcs
1433		YES	YES	Crusher Orc	Limited Edition	Crusher Orc Barrack	Orcs
1444		YES	YES		Limited Edition	Dark Orc Field	Orcs
1445		YES	YES		Limited Edition	Dark Orc House	Orcs
1441		YES	YES		Limited Edition	Dark Orc Mill	Orcs
1443		YES	YES		Limited Edition	Dark Orc Tower	Orcs
1442		YES	YES		Limited Edition	Dark Orc Wall	Orcs
1439		YES	YES		Limited Edition	Dark Orks Banner	Orcs
1484		YES	YES	Dual Axe Orc	Limited Edition	Dual Axe Orc Barracks	Orcs
1491		YES	YES	Orc Battering Ram	Limited Edition	Orc Battering Ram Barrack	Orcs
1436		YES	YES	Orc Spear Warrior	Limited Edition	Orc Spear Warrior Barrack	Orcs
1482		YES	YES	Priest Orc	Limited Edition	Priest Orc Barrack	Orcs
1437		YES	YES	Spider Orc Rider	Limited Edition	Spider Orc Rider Barrack	Orcs
1474		YES	YES	TNT Orc	Limited Edition	TNT Orc Barrack	Orcs
1485		YES	YES	Wyvern Rider	Limited Edition	Wyvern Rider Barracks	Orcs
388		YES	YES	Axe Viking	Limited Edition	Viking Axe Quarters	Viking
377		YES	YES		Limited Edition	Viking Field	Viking
378		YES	YES		Limited Edition	Viking Mine	Viking
383		YES	YES		Limited Edition	Viking Mistress	Viking
374		YES	YES	Viking	Limited Edition	Viking Quarters	Viking
381		YES	YES		Limited Edition	Viking Ship	Viking
382		YES	YES		Limited Edition	Viking Ship	Viking
379		YES	YES		Limited Edition	Viking Statue	Viking
380		YES	YES		Limited Edition	Viking Statue	Viking
376		YES	YES		Limited Edition	Viking Tower	Viking
375		YES	YES		Limited Edition	Viking Wall	Viking
285		YES				_DEV ACTIVATOR	
286		YES				_DEV TREASURE	
236		YES				Abandoned Mine	
221	1	YES	YES		Investigation	Academy	
1293	1	YES	YES	Advanced Catapult	Siege weapons	Advanced Catapult Workshop	
262	3	YES			Wonders	Alexandria Library	
234	1	YES	YES		Miscellaneous	Allies Building	
361		YES			Miscellaneous	Allies Building	
266	1	YES	YES		Miscellaneous	Allies Market	
352	2	YES			Miscellaneous	Allies Market	
150	1	YES	YES		Miscellaneous	Altar of Heroes	
131	1	YES			Others	Ancient Ceramic	
264	3	YES			Wonders	Angkor	
256		YES				Animals Cage	
914		YES				ArbolNevado2	
915		YES				ArbolNevado4	
916		YES				ArbolNevado8	
1434		YES	YES	Archer Orc	Limited Edition	Archer Orc Barrack	
329	2	YES		Troll Archer	Archers	Archery 1	
328	2	YES		Axethrower	Archers	Archery 2	
41	1	YES	YES	Light Archer	Archers	Archery I	
42	1	YES	YES	Medium Archer	Archers	Archery II	
43	1	YES	YES	Heavy Archer	Archers	Archery III	
137	1	YES	YES	Powerful Archer	Archers	Archery IV	
47	1	YES	YES	Medium Archer Knight	Cavalry	Archery Stables	
391	1	YES	YES	Royal Archer	Archers	Archery V	
145		YES				Arctic Isle	
153	1	YES			Flags	Argentina Flag	
293		YES				Asian Isle	
1205		YES				Atlantis Decoration	
154	1	YES			Flags	Australia Flag	
294		YES				Aztec Isle	
494		YES				Aztec Lamb	
363	3	YES			Wonders	Babylon Gardens	
1410		YES	YES			Bahamut Heart	
233	1	YES	YES		Miscellaneous	Bakery	
1458		YES	YES		Others	Banyan Tree	
333	2	YES		Small Troll	Infantry	Barracks 1	
334	2	YES		Devious Troll	Infantry	Barracks 2	
326	2	YES		Big Troll	Infantry	Barracks 3	
330	2	YES		Battle Troll	Infantry	Barracks 4	
332	2	YES		War Troll	Infantry	Barracks 5	
327	2	YES		Ravager Troll	Infantry	Barracks 6	
386	2	YES		Boulderthrower	Archers	Barracks Boulder	
385	2	YES		Drummer	Specials	Barracks Drummer	
38	1	YES	YES	Spearman	Infantry	Barracks I	
39	1	YES	YES	Swordsman	Infantry	Barracks II	
40	1	YES	YES	Long Swordsman	Infantry	Barracks III	
136	1	YES	YES	Powerful Swordsman	Infantry	Barracks IV	
390	1	YES	YES	Royal Swordsman	Infantry	Barracks V	
230	1	YES	YES		Houses	Baths	
155	1	YES			Flags	Belgium Flag	
1202		YES				Big Nest	
492		YES				Black Yeti Cave	
22	1	YES	YES		Investigation	Blacksmith	
50006		YES	YES		Investigation	Blacksmith I	
50012		YES	YES		Investigation	Blacksmith II	
50025		YES	YES		Investigation	Blacksmith III	
50026		YES	YES		Investigation	Blacksmith IV	
50027		YES	YES		Investigation	Blacksmith V	
109		YES	YES		Others	Blue Flag	
101	1	YES	YES		Trees	Blue Tree	
340	2	YES			Resources	Boar Ranch I	
341	2	YES			Resources	Boar Ranch II	
342	2	YES			Resources	Boar Ranch III	
331	2	YES		Boar Rider	Cavalry	Boar Stable	
287		YES				Brazier	
49997		YES	YES		Resources	Buey Ranch	
156	1	YES			Flags	Bulgaria Flag	
211		YES				Burning Mill	
904		YES				Cactus	
905		YES				Cactus	
157	1	YES			Flags	Canada Flag	
1204		YES				Captive Cleopatra	
257		YES				Captured Siege	
368		YES				Captured Siege	
200	1	YES	YES		Resources	Carrot Field	
1299	1	YES			Limited Edition	Cash Wonder	
27	1	YES	YES	Elite Swordsman	Castles	Castle I	
28	1	YES	YES	Elite Knight	Castles	Castle II	
198	1	YES	YES	Elite Master Knight	Castles	Castle III	
158	1	YES			Flags	Catalonia Flag	
212	1	YES	YES	Monk	Miscellaneous	Cathedral	
1384		YES				Celestial Isle	
3052		YES	YES		Limited Edition	Chained +150% Extra Cash	
3024		YES	YES		Limited Edition	Chained 100 Bonus	
3062		YES	YES		Limited Edition	Chained 100% Bonus Draggy	
3059		YES	YES		Limited Edition	Chained 100% Bonus Frostfire Draggy	
3005		YES	YES		Limited Edition	Chained 100% Draggy	
3013		YES	YES		Limited Edition	Chained 100% Egyptian Draggy	
3086		YES	YES		Limited Edition	Chained 110% Bonus	
3075		YES	YES		Limited Edition	Chained 125% Bonus + Galaxy Draggy	
3081		YES	YES		Limited Edition	Chained 125% Extra Cash	
3015		YES	YES		Limited Edition	Chained 2 Headed Orc	
3019		YES	YES		Limited Edition	Chained 2 Headed Orc	
1466		YES	YES		Limited Edition	Chained 2-Head Holydeath Dragon	
3003		YES	YES		Limited Edition	Chained 3-Head Dragon	
3067		YES	YES		Limited Edition	Chained 3-Head Primal Dragon	
3001		YES	YES		Limited Edition	Chained 30% Off	
3011		YES	YES		Limited Edition	Chained 35% Off	
3053		YES	YES		Limited Edition	Chained 40% off	
3018		YES	YES		Limited Edition	Chained 50% Off	
3041		YES	YES		Limited Edition	Chained 60 Bonus	
3076		YES	YES		Limited Edition	Chained 60% + Off Star Draggy	
3004		YES	YES		Limited Edition	Chained 60% Off	
3071		YES	YES		Limited Edition	Chained 60% Off	
1481		YES	YES		Limited Edition	Chained 75% Bonus	
3023		YES	YES		Limited Edition	Chained 90 Bonus	
3066		YES	YES		Limited Edition	Chained 95% Brutal Slasher	
3050		YES	YES		Limited Edition	Chained 99% Bonus Revolution	
1335		YES	YES		Limited Edition	Chained Angelical Dragon	
3043		YES	YES		Limited Edition	Chained Antimatter Golem	
1297		YES	YES		Limited Edition	Chained Ares	
3056		YES	YES		Limited Edition	Chained Atlas Titan	
3012		YES	YES		Limited Edition	Chained Atomic Godzilla	
1476		YES	YES		Limited Edition	Chained Attack Booster Wizard	
1418		YES	YES		Limited Edition	Chained Balrogs	
3045		YES	YES		Limited Edition	Chained Battering Pack	
3051		YES	YES		Limited Edition	Chained Battle Pack	
1392		YES	YES		Limited Edition	Chained Black Bahamut	
1446		YES	YES		Limited Edition	Chained Black Dragon Rider	
3021		YES	YES		Limited Edition	Chained Black Magic Chest	
3044		YES	YES		Limited Edition	Chained Black Phoenix	
1289		YES	YES		Limited Edition	Chained Blue Fénix	
3060		YES	YES		Limited Edition	Chained Brutal Chest	
3069		YES	YES		Limited Edition	Chained Brutal Monster Chest	
3009		YES	YES		Limited Edition	Chained Brutal Slasher	
1451		YES	YES		Limited Edition	Chained Burning Tiger	
1395		YES	YES		Limited Edition	Chained Chameleon	
1448		YES	YES		Limited Edition	Chained Chest	
3079		YES	YES		Limited Edition	Chained Chest	
1450		YES	YES		Limited Edition	Chained Colossal Cobra	
3032		YES	YES		Limited Edition	Chained Creatures Chest	
3092		YES	YES		Limited Edition	Chained Creepy Monsters Chest	
1333		YES	YES		Limited Edition	Chained Cyclops	
1467		YES	YES		Limited Edition	Chained Dark Chest	
3055		YES	YES		Limited Edition	Chained Dark Evil God	
1338		YES	YES		Limited Edition	Chained Dark Lord	
3022		YES	YES		Limited Edition	Chained Death Warrior	
1455		YES	YES		Limited Edition	Chained Double Cash Offer	
1470		YES	YES		Limited Edition	Chained Draggy	
1287		YES	YES		Limited Edition	Chained Dragon	
1389		YES	YES		Limited Edition	Chained Dragon Hunter	
1393		YES	YES		Limited Edition	Chained Dragon Hunter II	
1459		YES	YES		Limited Edition	Chained Dragon Hunters	
1417		YES	YES		Limited Edition	Chained Dynasty Dragon	
1391		YES	YES		Limited Edition	Chained Egyptian Dragon	
1377		YES	YES		Limited Edition	Chained Electric Bahamut	
1419		YES	YES		Limited Edition	Chained Electric Dinasty Dragon	
3098		YES	YES		Limited Edition	Chained Electric Extreme Dragon	
3025		YES	YES		Limited Edition	Chained Elemental Fire God	
3039		YES	YES		Limited Edition	Chained Elemental Light God	
3037		YES	YES		Limited Edition	Chained Elemental Soul God	
3035		YES	YES		Limited Edition	Chained Elemental Water God	
1477		YES	YES		Limited Edition	Chained Epic 2-Headed Dragon Rider	
3020		YES	YES		Limited Edition	Chained Evil Demon	
3029		YES	YES		Limited Edition	Chained Evil Demon	
3027		YES	YES		Limited Edition	Chained Fire Colossus	
3094		YES	YES		Limited Edition	Chained Fire God + Colossus	
3031		YES	YES		Limited Edition	Chained Fire Soul Eater	
3030		YES	YES		Limited Edition	Chained Forest Colossus	
3028		YES	YES		Limited Edition	Chained Forest God + Colossus	
1423		YES	YES		Limited Edition	Chained Frostfire Bahamut	
1295		YES	YES		Limited Edition	Chained Furious Bull Dragon	
1460		YES	YES		Limited Edition	Chained Furious Zeus	
1473		YES	YES		Limited Edition	Chained Galaxy Dragon	
3078		YES	YES		Limited Edition	Chained Genesis Earth Colossus	
3077		YES	YES		Limited Edition	Chained Genesis Earth God	
3091		YES	YES		Limited Edition	Chained Genesis Ice God	
3097		YES	YES		Limited Edition	Chained Genesis Iron God	
3087		YES	YES		Limited Edition	Chained Genesis Shadow God	
3088		YES	YES		Limited Edition	Chained Genesis Wind Colossus	
3083		YES	YES		Limited Edition	Chained Genesis Wind God	
1378		YES	YES		Limited Edition	Chained Golden Bahamut	
1431		YES	YES		Limited Edition	Chained Golden Bahamut Raider	
3017		YES	YES		Limited Edition	Chained Golden Dynasty Dragon	
3100		YES	YES		Limited Edition	Chained Golden Extreme Dragon	
3095		YES	YES		Limited Edition	Chained Golems Chest	
1354		YES	YES		Limited Edition	Chained Green Bahamut	
3072		YES	YES		Limited Edition	Chained Green Extreme Dragon	
1356		YES	YES		Limited Edition	Chained Green Phoenix	
3049		YES	YES		Limited Edition	Chained Half Price Party Weekend	
3063		YES	YES		Limited Edition	Chained Hell Abyss Dragon	
3073		YES	YES		Limited Edition	Chained Ice Golem	
3014		YES	YES		Limited Edition	Chained Imperial Chest	
3016		YES	YES		Limited Edition	Chained Invisible	
1432		YES	YES		Limited Edition	Chained Jade Dinasty Dragon	
3007		YES	YES		Limited Edition	Chained King Kong	
3064		YES	YES		Limited Edition	Chained Legendary Chest	
1479		YES	YES		Limited Edition	Chained Level Up Statue	
3040		YES	YES		Limited Edition	Chained Light Colossus	
3084		YES	YES		Limited Edition	Chained Light God + Colossus	
1447		YES	YES		Limited Edition	Chained Limit Wizard	
3034		YES	YES		Limited Edition	Chained Luring Warrior	
1353		YES	YES		Limited Edition	Chained Mad Balrog	
1296		YES	YES		Limited Edition	Chained Manticora	
3047		YES	YES		Limited Edition	Chained Medieval Ether Messiah	
3046		YES	YES		Limited Edition	Chained Medieval Golden Slayer	
3048		YES	YES		Limited Edition	Chained Medieval Samurai	
1411		YES	YES		Limited Edition	Chained Megahealing Angel	
1471		YES	YES		Limited Edition	Chained Metal T-Rex	
3006		YES	YES		Limited Edition	Chained Monster Chest	
1390		YES	YES		Limited Edition	Chained Monster Hunter	
3093		YES	YES		Limited Edition	Chained Mounted Furious Bull Dragon	
1449		YES	YES		Limited Edition	Chained Mythological Chest 2	
1341		YES	YES		Limited Edition	Chained Necro Abomination	
1349		YES	YES		Limited Edition	Chained Necro Dragon	
1340		YES	YES		Limited Edition	Chained Necro Gryphon	
1339		YES	YES		Limited Edition	Chained Necro King	
1336		YES	YES		Limited Edition	Chained Necro Paladin	
1337		YES	YES		Limited Edition	Chained Necro Worm	
1412		YES	YES		Limited Edition	Chained Paladin Bahamut	
3085		YES	YES		Limited Edition	Chained Pharaohs Chest	
3054		YES	YES		Limited Edition	Chained Power Pack	
3070		YES	YES		Limited Edition	Chained Predator Lizard	
1469		YES	YES		Limited Edition	Chained Punisher Knight	
3065		YES	YES		Limited Edition	Chained Queen Beast	
1298		YES	YES		Limited Edition	Chained Quimera	
1453		YES	YES		Limited Edition	Chained Rainbow Dragon	
1452		YES	YES		Limited Edition	Chained Ramses II	
3096		YES	YES		Limited Edition	Chained Red + Golden Bahamut Dragons	
1355		YES	YES		Limited Edition	Chained Red Bahamut	
1422		YES	YES		Limited Edition	Chained Red Bahamut	
1413		YES	YES		Limited Edition	Chained Red Phoenix	
3042		YES	YES		Limited Edition	Chained Reptile Warrior	
1464		YES	YES		Limited Edition	Chained Rockdriller	
1334		YES	YES		Limited Edition	Chained Rubies	
3061		YES	YES		Limited Edition	Chained Sky Bahamut Dragon	
1462		YES	YES		Limited Edition	Chained Solar Dragon	
3038		YES	YES		Limited Edition	Chained Soul Colossus	
1472		YES	YES		Limited Edition	Chained Soul Eater	
3002		YES	YES		Limited Edition	Chained Soul Eater	
3090		YES	YES		Limited Edition	Chained Soul God + Colossus	
1351		YES	YES		Limited Edition	Chained Spectrum Dragon	
3010		YES	YES		Limited Edition	Chained Star Dragon	
1480		YES	YES		Limited Edition	Chained Stratos	
3074		YES	YES		Limited Edition	Chained Struggle Chest	
3026		YES	YES		Limited Edition	Chained Super Pack	
3058		YES	YES		Limited Edition	Chained Supreme Bahamut	
3068		YES	YES		Limited Edition	Chained Swamp Monster	
3008		YES	YES		Limited Edition	Chained Sword Lion	
1468		YES	YES		Limited Edition	Chained Tiger Spider	
3080		YES	YES		Limited Edition	Chained Tiny Fire God	
3089		YES	YES		Limited Edition	Chained Tiny Light God	
3082		YES	YES		Limited Edition	Chained Tiny Water God	
1461		YES	YES		Limited Edition	Chained Titan Lithos	
3033		YES	YES		Limited Edition	Chained Titans Pack	
87		YES				Chained Troll	
1294		YES	YES		Limited Edition	Chained Vulcano	
1465		YES	YES		Limited Edition	Chained Vulcano	
1352		YES	YES		Limited Edition	Chained Vulcano Dragon	
3036		YES	YES		Limited Edition	Chained Water Colossus	
3057		YES	YES		Limited Edition	Chained Water God & Colossus	
3099		YES	YES		Limited Edition	Chained x2_5 Cash Offer	
1288		YES	YES		Limited Edition	Chained Zeus	
1350		YES	YES		Limited Edition	Chained Zeus	
52	3	YES			Wonders	Chichen Itza	
49999		YES	YES		Resources	Chicken Ranch	
160	1	YES			Flags	Chile Flag	
24	1	YES	YES	Healer	Miscellaneous	Church	
295		YES				Civilizated Isle	
1006		YES				Cloud Land	
53	3	YES			Wonders	Coliseum	
325	2	YES			Investigation	Coliseum	
1304		YES	YES		Limited Edition	Coliseum Stands	
161	1	YES			Flags	Colombia Flag	
913		YES				Column	
297		YES				Conquered Isle	
12	1	YES	YES		Resources	Cow Ranch I	
192	1	YES	YES		Resources	Cow Ranch II	
193	1	YES	YES		Resources	Cow Ranch III	
435		YES				Dangerous Isle	
1440		YES	YES		Limited Edition	Dark Orc Deco 3 Cash	
1200		YES				Deep Hole	
496		YES				Demonic Sculpture	
144		YES				Desert Isle	
1001		YES				Desierto Land	
1234	1	YES	YES		Castles	Diamond Castle	
1357		YES	YES		Turrets	Dome Protection descartado	
1233		YES	YES		Miscellaneous	Dragon Breeding Nest	
1527		YES			Limited Edition	Dragon City	
1426		YES	YES		Limited Edition	Dragon Killer Fortress	
1346	1	YES	YES		Miscellaneous	Dragon Riding	
120	1	YES	YES		Statues	Dragon Statue	
1387		YES				Dragons Isle	
1456	1	YES	YES		Others	Dragons Statue	
432		YES				Dune Isle	
1523		YES	YES	Devil Gladiator	Limited Edition	Dwarf Axe Barrack	
1524		YES	YES	Chariot Gladiator	Limited Edition	Dwarf Priest Barrack	
1525		YES	YES	Caesar Gladiator	Limited Edition	Dwarven Catapult	
112	1	YES	YES		Others	Eagle Flag	
185	1	YES	YES		Miscellaneous	Eagles I	
186	1	YES	YES		Miscellaneous	Eagles II	
187	1	YES	YES		Miscellaneous	Eagles III	
217	1	YES	YES		Miscellaneous	Eagles IV	
9	1	YES	YES		Resources	Eggplant Field	
370	1	YES	YES	Elephant Rider	Cavalry	Elephant Stables	
49996		YES	YES	Elephant Rider	Infantry	Elephants Barracks	
1490		YES				Elven Empire	
50003		YES	YES		Investigation	Embassy I	
50009		YES	YES		Investigation	Embassy II	
50016		YES	YES		Investigation	Embassy III	
50020		YES	YES		Investigation	Embassy IV	
50021		YES	YES		Investigation	Embassy V	
183		YES				Emergent Isle	
1000		YES				Expandable Land	
10	1	YES	YES		Resources	Farm Land	
164	1	YES			Flags	FC Barcelona Flag	
199	3	YES			Turrets	Fire Tower	
216	1	YES	YES	Fire Cannon	Siege weapons	Fire Workshop	
1488		YES	YES		Limited Edition	Forest	
223	1	YES	YES		Investigation	Forestry Academy	
469	1	YES	YES		Castles	Fortress	
129	1	YES	YES		Others	Fountain	
165	1	YES			Flags	France Flag	
162	1	YES			Flags	Germany Flag	
1246		YES	YES	Ghost	Limited Edition	Ghost Barracks	
1506		YES				God Isle 1	
1507		YES				God Isle 2	
1511		YES				God Isle 3	
73		YES			Resources	Gold	
74		YES			Resources	Gold	
75		YES			Resources	Gold	
76		YES			Resources	Gold	
13	1	YES	YES		Resources	Gold Mine I	
14	1	YES	YES		Resources	Gold Mine II	
15	1	YES	YES		Resources	Gold Mine III	
203	1	YES	YES		Resources	Gold Mine IV	
412		YES	YES		Miscellaneous	Golden Hall	
99		YES				Golden Totem	
133		YES	YES		Statues	Golden Totem	
89		YES				Golem Altar	
489		YES				Golem Headquarters	
486	1	YES	YES		Miscellaneous	Graveyard	
470	1	YES			Wonders	Great Church	
113	1	YES	YES		Others	Green Flag	
67	1	YES	YES		Flowers	Green Flowers	
108	1	YES	YES		Trees	Green Tree	
1487		YES	YES		Limited Edition	Grove	
224	1	YES	YES		Miscellaneous	Harbor	
50005		YES	YES		Investigation	Harbour I	
50011		YES	YES		Investigation	Harbour II	
50022		YES	YES		Investigation	Harbour III	
50023		YES	YES		Investigation	Harbour IV	
50024		YES	YES		Investigation	Harbour V	
237		YES				Healer Prison	
197	1	YES	YES		Miscellaneous	Healing Spring	
1530		YES	YES		Miscellaneous	Hell's Forge Island	
118		YES	YES		Statues	Helmet Statue	
298		YES				Hero Isle	
239	1	YES	YES		Miscellaneous	Heroes Grave	
49992		YES	YES		Wonders	Heroes Hall	
1	1	YES	YES		Houses	House I	
2	1	YES	YES		Houses	House II	
3	1	YES	YES		Houses	House III	
4	1	YES	YES		Houses	House IV	
194	1	YES	YES		Houses	House V	
434		YES	YES		Statues	Huge Egg	
437		YES	YES		Statues	Huge Egg	
1002		YES				Ice Land	
384	3	YES			Turrets	Ice Tower	
60	3	YES			Wonders	Iguazu Waterfalls	
54	3	YES			Wonders	Inca God	
1207		YES				Infernal Field	
92		YES				Injured Cow	
93		YES				Injured Sheep	
98		YES				Injured Troll	
925		YES				IslaCalavera	
924		YES				IslaGrande	
942		YES				IslaHielo2x2	
943		YES				IslaHielo4x4	
926		YES				IslaMineral2	
927		YES				IslaMineral2b	
928		YES				IslaMineral3	
929		YES				IslaMineral4	
940		YES				IslaPinguino	
923		YES				IslaRoca2	
931		YES				IslaSelva2	
934		YES				IslaSelva2b	
936		YES				IslaSelva2c	
932		YES				IslaSelva3	
933		YES				IslaSelva4	
930		YES				IslaSelvaGrande	
922		YES				IslaVegetacion2	
921		YES				IslaVegetacion3	
142		YES				Isle 1	
143		YES				Isle 2	
935		YES				Islitas2	
937		YES				Islitas4	
938		YES				Islitas4b	
939		YES				Islitas4c	
167	1	YES			Flags	Israel Flag	
168	1	YES			Flags	Italy Flag	
215	1	YES	YES	Kamikaze	Siege weapons	Kamikaze Center	
146		YES				Key	
90		YES				Kidnapped Units	
365		YES				Kidnapped Units	
122	1	YES			Statues	King Statue	
917		YES				Lago2	
918		YES				Lago4	
152	3	YES			Refuges	Large Refuge	
1230	1	YES	YES		Castles	Legendary Castle	
220		YES	YES		Miscellaneous	Library	
214	3	YES			Turrets	Lightning Tower	
147		YES				Locked Gate	
94		YES				Lonely Knight	
77	1	YES	YES		Resources	Lumber Mill I	
78	1	YES	YES		Resources	Lumber Mill II	
79	1	YES	YES		Resources	Lumber Mill III	
205	1	YES	YES		Resources	Lumber Mill IV	
56	3	YES			Wonders	Machu Picchu	
1231	1	YES	YES		Castles	Magnificent Castle	
919		YES				Mamut	
23	1	YES	YES		Miscellaneous	Market	
188	1	YES	YES		Miscellaneous	Market II	
189	1	YES	YES		Miscellaneous	Market III	
906		YES				Mask	
68	1	YES	YES		Others	Maya Fire	
1214		YES			Others	Maya Fire	
97		YES				Mead Barrel	
213	1	YES	YES	Engineer	Investigation	Mechanics	
169	1	YES			Flags	Mexico Flag	
5	1	YES	YES		Resources	Mill I	
6	1	YES	YES		Resources	Mill II	
7	1	YES	YES		Resources	Mill III	
202	1	YES	YES		Resources	Mill IV	
284		YES				Mineral Isle	
1004		YES				Mineral Land	
222	1	YES	YES		Investigation	Minery Academy	
119	1	YES	YES		Statues	Minotaur Statue	
431		YES				Misty Isle	
121	1	YES			Statues	Mongol Statue	
1388		YES				Monsters Isle	
1255	1	YES	YES		Miscellaneous	Monsters Nest	
920		YES				Monticulo	
1300		YES			Limited Edition	Morocco Dealer	
96		YES				Mysterious Crate	
148		YES				Mysterious Isle	
433		YES				Mythical Isle	
1385		YES				Mythological Isle	
1331		YES	YES		Limited Edition	Necro Abomination Barracks	
1315		YES	YES		Limited Edition	Necro Deco 4	
1327		YES	YES	Necro Executioner	Limited Edition	Necro Executioner Barracks	
1324		YES	YES	Necro  Gollum	Limited Edition	Necro Gollum Barracks	
1330		YES	YES		Limited Edition	Necro Gryphon Barracks	
1386		YES				Necro Isle	
1328		YES	YES	Necro Shark Monster	Limited Edition	Necro Shark Barracks	
1332		YES	YES		Limited Edition	Necro Worm Barracks	
436		YES				Nest Isle	
170	1	YES			Flags	Netherlands Flag	
49995		YES	YES	Black Ninja	Infantry	Ninja Barracks	
228	1	YES	YES		Houses	Noble Mansion	
226	1	YES	YES		Miscellaneous	Nursery	
903		YES				Oasis	
366	1	YES	YES		Investigation	Odin Statue	
369	1	YES	YES		Turrets	Oil Tower	
50010		YES	YES		Investigation	Oracle	
110	1	YES	YES		Others	Orange Flag	
105	1	YES	YES		Trees	Orange Tree	
1213		YES				Orb of Power	
900		YES				Palmera2	
901		YES				Palmera4	
902		YES				Palmera8	
61	3	YES			Wonders	Parthenon	
58	3	YES			Wonders	Petra	
1489		YES				Pharaohs Isle	
171	1	YES			Flags	Philippines Flag	
49998		YES	YES		Resources	Pig ranch	
907		YES				Pile of skulls	
66	1	YES	YES		Flowers	Pink Flowers	
941		YES				PlacasHielo	
1209		YES				Portal to Hell	
1210		YES				Portal to Hell	
172	1	YES			Flags	Portugal Flag	
88		YES				Power Gem	
498		YES				Power Gem	
86		YES				Prisoner Archers	
364		YES				Prisoner Archers	
85		YES				Prisoner Arthur	
83		YES				Prisoner Princess	
84		YES				Prisoner Villagers	
1358	1	YES	YES		Turrets	Protection Dome	
8	1	YES	YES		Resources	Pumpkin Crop	
64	1	YES	YES		Flowers	Purple Flowers	
104	1	YES	YES		Trees	Purple Tree	
910		YES				Pyramid	
911		YES				Pyramid	
912		YES				Pyramid	
1302		YES	YES	Pyros Titan	Limited Edition	Pyros Barracks	
387	1	YES	YES		Miscellaneous	Recruitment Prize	
111		YES	YES		Others	Red Flag	
65	1	YES	YES		Flowers	Red Flowers	
49988		YES	YES		Walls	Reenforced Wall	
80		YES			Resources	Regenerating gold ...	
81		YES			Resources	Regenerating stone ...	
1253		YES				Relic	
1404		YES	YES		Limited Edition	Reptile Knight Statue	
232	1	YES	YES		Miscellaneous	Restaurant	
372	2	YES		Rhino Rider	Cavalry	Rhino Stables	
1345	1	YES	YES		Miscellaneous	Rider Academy	
945		YES				RocaCalavera	
946		YES				RocaMinerales2	
947		YES				RocaMinerales3	
948		YES				RocaMinerales3b	
949		YES				RocaMinerales4	
184		YES				Rock Isle	
1201		YES				Rock Statue	
288		YES	YES		Flags	Rockdriller Skull	
115		YES	YES		Others	Roman Column	
389	1	YES	YES		Miscellaneous	Round Table	
49991		YES	YES		Walls	Royal Wall	
225	1	YES	YES		Miscellaneous	Sacrifice Altar	
261	3	YES			Wonders	Saint Basil Basilica	
499		YES				Sarcophagus	
1003		YES				Sea	
1005		YES				Selva Land	
11	1	YES	YES		Resources	Sheep Ranch I	
190	1	YES	YES		Resources	Sheep Ranch II	
191	1	YES	YES		Resources	Sheep Ranch III	
258		YES				Skeleton	
259		YES				Skeleton	
908		YES				Skeleton	
909		YES				Skeleton	
117	1	YES	YES		Statues	Skeleton Statue	
114	1	YES	YES		Others	Skulls	
1361	1	YES	YES		Turrets	Sky Tower	
1360	1	YES	YES		Turrets	Sky Tower II	
1203		YES				Small Nest	
151	3	YES			Refuges	Small Refuge	
1344		YES			Limited Edition	Social Wars	
123	1	YES	YES		Statues	Soldier Statue	
124	1	YES	YES		Statues	Soldier Statue	
126	1	YES			Statues	Soldier Statue	
1529	1	YES	YES		Miscellaneous	Soul Mixer	
163	1	YES			Flags	Spain Flag	
55	3	YES			Wonders	Sphinx	
44	1	YES	YES	Light Knight	Cavalry	Stables I	
45	1	YES	YES	Medium Knight	Cavalry	Stables II	
46	1	YES	YES	Heavy Knight	Cavalry	Stables III	
138	1	YES	YES	Powerful Knight	Cavalry	Stables IV	
392	1	YES	YES	Royal Knight	Cavalry	Stables V	
49990		YES	YES		Walls	Steel Wall	
491		YES				Stolen Beer	
488		YES				Stolen Fireworks	
69		YES			Resources	Stone	
70		YES			Resources	Stone	
71		YES			Resources	Stone	
72		YES			Resources	Stone	
235		YES				Stone	
260		YES				Stone	
16	1	YES	YES		Resources	Stone Mine I	
17	1	YES	YES		Resources	Stone Mine II	
18	1	YES	YES		Resources	Stone Mine III	
204	1	YES	YES		Resources	Stone Mine IV	
50004		YES	YES		Resources	Stone Mine(Erase)	
49989		YES	YES		Walls	Stone Wall	
263	3	YES			Wonders	Stonehenge	
1394	1	YES	YES		Miscellaneous	Supreme Dragon Temple	
1283		YES	YES		Miscellaneous	Survival arena	
173	1	YES			Flags	Sweden Flag	
159	1	YES			Flags	Switzerland Flag	
59	3	YES			Wonders	Taj Mahal	
231	1	YES	YES		Houses	Tavern	
229	1	YES	YES		Miscellaneous	Temple	
493		YES				Tláloc Altar	
1359	1	YES	YES		Turrets	Tower Enhancer	
29	1	YES	YES		Turrets	Tower I	
30	1	YES	YES		Turrets	Tower II	
31	1	YES	YES		Turrets	Tower III	
32	1	YES	YES		Turrets	Tower IV	
33	1	YES	YES		Turrets	Tower V	
371	1	YES	YES	Mobile Tower	Specials	Tower Workshop	
26		YES	YES	Villager I	Miscellaneous	Town Hall	
50001		YES	YES	Villager I	Miscellaneous	Town Hall I	
139		YES	YES	Villager I	Miscellaneous	Town Hall II	
50007		YES	YES	Villager I	Miscellaneous	Town Hall II	
140		YES	YES	Villager I	Miscellaneous	Town Hall III	
50015		YES	YES	Villager I	Miscellaneous	Town Hall III	
141		YES	YES	Villager I	Miscellaneous	Town Hall IV	
50018		YES	YES	Villager I	Miscellaneous	Town Hall IV	
50019		YES	YES	Villager I	Miscellaneous	Town Hall V	
227	1	YES	YES		Miscellaneous	Training Stables	
238		YES				Trapped Allies	
367		YES				Trapped Allies	
283		YES				Treasure	
1206		YES				Treasure	
82		YES				Treasure Chest	
177		YES	YES		Flags	Treasure Chest	
218	1	YES	YES		Miscellaneous	Treasure Mine	
19		YES			Resources	Tree	
20		YES			Resources	Tree	
21		YES			Resources	Tree	
265		YES				Tree	
1208		YES				Tree	
497		YES				Tree of Life	
95		YES				Trojan Horse	
132		YES	YES		Statues	Trojan Horse	
49994		YES	YES	Troll Archer	Infantry	Troll Barracks	
356	2	YES			Statues	Troll Bathroom	
323	2	YES		Brute Knight	Castles	Troll Castle I	
324	2	YES		Brute Swordsman	Castles	Troll Castle II	
135		YES			Houses	Troll Cave	
357		YES			Statues	Troll Deco 5	
358		YES			Statues	Troll Deco 6	
359		YES			Statues	Troll Deco 7	
360		YES			Statues	Troll Deco 8	
349	2	YES			Miscellaneous	Troll Eagles I	
350	2	YES			Miscellaneous	Troll Eagles II	
351	2	YES			Miscellaneous	Troll Eagles III	
290	2	YES			Resources	Troll Farm I	
310	2	YES			Resources	Troll Farm II	
311	2	YES			Resources	Troll Farm III	
315	2	YES			Resources	Troll Gold Mine I	
316	2	YES			Resources	Troll Gold Mine II	
317	2	YES			Resources	Troll Gold Mine III	
289		YES		Mr. Troll	Miscellaneous	Troll Hall I	
321		YES		Mr. Troll	Miscellaneous	Troll Hall II	
322		YES		Mr. Troll	Miscellaneous	Troll Hall III	
343	2	YES			Miscellaneous	Troll Harbour	
307	2	YES			Houses	Troll House I	
308	2	YES			Houses	Troll House II	
309	2	YES			Houses	Troll House III	
134		YES			Houses	Troll Hut	
312	2	YES			Resources	Troll Lumber Mill I	
313	2	YES			Resources	Troll Lumber Mill II	
314	2	YES			Resources	Troll Lumber Mill III	
335	2	YES			Miscellaneous	Troll Market I	
345	2	YES			Miscellaneous	Troll Market II	
346	2	YES			Miscellaneous	Troll Market III	
300	2	YES			Resources	Troll Mill I	
301	2	YES			Resources	Troll Mill II	
302	2	YES			Resources	Troll Mill III	
353	2	YES			Statues	Troll Statue	
354	2	YES			Statues	Troll Statue	
355	2	YES			Statues	Troll Statue	
318	2	YES			Resources	Troll Stone Mine I	
319	2	YES			Resources	Troll Stone Mine II	
320	2	YES			Resources	Troll Stone Mine III	
291	2	YES			Turrets	Troll Tower I	
303	2	YES			Turrets	Troll Tower II	
304	2	YES			Turrets	Troll Tower III	
347	2	YES			Turrets	Troll Tower IV	
348	2	YES			Turrets	Troll Tower V	
292	2	YES			Walls	Troll Wall I	
305	2	YES			Walls	Troll Wall II	
306	2	YES			Walls	Troll Wall III	
344	2	YES			Miscellaneous	Troll Zeppelin	
91		YES				Trophy Totem	
174	1	YES			Flags	Turkey Flag	
166	1	YES			Flags	UK Flag	
182		YES				Undiscovered Isle	
1284	1	YES			Miscellaneous	Unit Warehouse	
25	1	YES	YES		Investigation	University	
50008		YES	YES		Investigation	University I	
50014		YES	YES		Investigation	University II	
50028		YES	YES		Investigation	University III	
50029		YES	YES		Investigation	University IV	
50030		YES	YES		Investigation	University V	
149		YES				Unknown Isle	
1427		YES	YES		Limited Edition	Upgrade1	
1428		YES	YES		Limited Edition	Upgrade2	
1429		YES	YES		Limited Edition	Upgrade3	
1430		YES	YES		Limited Edition	Upgrade4	
175	1	YES			Flags	USA Flag	
490		YES				Viking Festival	
128	1	YES			Statues	Viking Statue	
219	1	YES	YES		Resources	Vineyard	
495		YES				Viper Nest	
362	2	YES		Voodoo Healer	Investigation	Voodoo Lounge	
1457	1	YES	YES		Others	Vulcano	
37	1	YES	YES		Walls	Wall Door	
34	1	YES	YES		Walls	Wall I	
35	1	YES	YES		Walls	Wall II	
36	1	YES	YES		Walls	Wall III	
195	1	YES	YES		Walls	Wall IV	
196	1	YES	YES		Walls	Wall V	
429	1	YES	YES		Turrets	Water Tower	
130		YES	YES		Others	Water well	
210		YES				Water Well	
201	1	YES	YES		Resources	Watermelon Field	
373	3	YES			Investigation	Weather Machine	
944		YES			Others	Whirlpool	
63	1	YES	YES		Flowers	White Flowers	
296		YES				Wild Isle	
49993		YES	YES	Winged Knight	Infantry	Winged Knight Barracks	
181	1	YES	YES	Wizard	Castles	Wizard's Castle	
416	1	YES	YES		Miscellaneous	Wizardry Academy	
49987		YES	YES		Walls	Wood Wall	
48	1	YES	YES	Ram	Siege weapons	Workshop I	
336	2	YES		Troll Ram	Siege weapons	Workshop I	
49	1	YES	YES	Scorpion	Siege weapons	Workshop II	
337	2	YES		Troll Scorpion	Siege weapons	Workshop II	
50	1	YES	YES	Catapult	Siege weapons	Workshop III	
338	2	YES		Troll Catapult	Siege weapons	Workshop III	
51	1	YES	YES	Cannon	Siege weapons	Workshop IV	
339	2	YES		Troll Cannon	Siege weapons	Workshop IV	
116		YES	YES		Others	World Cup	
62	1	YES	YES		Flowers	Yellow Flowers	
299	1	YES	YES		Miscellaneous	Zeppelin Tower	
1279		YES	YES	Ulises	Limited Edition	Zeus Barrack	
2023			YES			2-Head Frostfire Dragon	
2026			YES			2-Head Frostfire Dragon Rider	
2044			YES			2-Head Holydeath Draggy	
2043			YES			2-Head Holydeath Dragon	
2045			YES			2-Head Holydeath Dragon Rider	
2066			YES			2-Head Orc	
2057			YES			3-Head Dragon	
2058			YES			3-Head Dragon Rider	
2133			YES			3-Head Primal Draggy	
2132			YES			3-Head Primal Dragon	
2134			YES			3-Head Primal Dragon Rider	
2135			YES			4-Weapons Gladiator	
2355			YES			Abyss Ancient Draggy	
2354			YES			Abyss Ancient Dragon	
2356			YES			Abyss Ancient Dragon Rider	
767			YES			Advanced Catapult	
791			YES			Albino Werewolf	
576			YES			Alliance Knight	
506						Ally Cart	
721			YES			Amazon Warrior	
2282			YES			Ancient Draggy	
2281			YES			Ancient Dragon	
2283			YES			Ancient Dragon Rider	
793			YES			Angelical Dragon	
843			YES			Angelical Dragon Rider	
2098			YES			Antimatter Golem	
2111			YES			Antimatter Golem	
771			YES			Antimatter Wizard	
612			YES			Anubis Avatar	
879			YES			Anubis God	
774			YES			Aquiles	
2028			YES			Archer Orc	
788			YES			Ares	
620			YES			Atlantis Archer	
689						Atlantis Archer	
619			YES			Atlantis Warrior	
688						Atlantis Warrior	
2114			YES			Atlas Titan	
776			YES			Atomic Godzilla	
2310			YES			Atrocity	
2052			YES			Attack Booster Wizard	
724			YES			Avenging Paladin	
797	1		YES			Axe Skeleton	
607			YES			Axe Viking	
530	2					Axethrower	
551			YES			Axethrower	
598	2					Axethrower	
578			YES			Aztec Warrior	
685						Aztec Warrior	
850			YES			Bahamut Draggy	
650			YES			Balrog	
661			YES			Barbarian	
528	2					Battle Troll	
596	2					Battle Troll	
2047			YES			Big Basher Orc	
527	2					Big Troll	
595	2					Big Troll	
892			YES			Black Bahamut Draggy	
891			YES			Black Bahamut Dragon	
893			YES			Black Bahamut Rider	
2293			YES			Black Demon Epic Draggy	
2292			YES			Black Demon Epic Dragon	
2294			YES			Black Demon Epic Dragon Rider	
725			YES			Black Draggy	
723			YES			Black Dragon	
837			YES			Black Dragon Rider	
643			YES			Black Elephant	
2200			YES			Black Epic Draggy	
2199			YES			Black Epic Dragon	
2201			YES			Black Epic Dragon Rider	
2056			YES			Black Lizard Rider	
719			YES			Black Ninja	
50031			YES			Black Ninja	
2097			YES			Black Phoenix	
731			YES			Black Witch	
712			YES			Black Wizard	
642			YES			Black Yeti	
667						Black Yeti	
2143			YES			Blade Gladiator	
2311			YES			Blow-Bug	
2233			YES			Blue Fire Djinn Draggy	
2232			YES			Blue Fire Djinn Dragon	
2234			YES			Blue Fire Djinn Dragon Rider	
775			YES			Blue Phoenix	
584						Boar	
2029			YES			Boar Axe Rider	
531	2					Boar Rider	
599	2					Boar Rider	
858						Boar Rider	
582						Boat	
2343			YES			Bones Cerberus Draggy	
2068			YES			Boomerang Orc	
726			YES			Boss Dragon 2	
605						Boulderthrower	
2060			YES			Brutal Slasher	
592	2					Brute Knight	
859						Brute Knight	
591	2					Brute Swordsman	
2361			YES			Bull Armor Draggy	
2360			YES			Bull Armor Dragon	
2362			YES			Bull Armor Dragon Rider	
2181			YES			Bull Extreme Draggy	
2180			YES			Bull Extreme Dragon	
2182			YES			Bull Extreme Dragon Rider	
2126			YES			Bull Gladiator	
2035			YES			Burning Tiger	
2157			YES			Caesar Gladiator	
2158			YES			Caesar Gladiator Minion	
614			YES			Camel Rider	
522			YES			Cannon	
521			YES			Catapult	
703			YES			Celestial Archer	
814			YES			Celestial Draggy	
705			YES			Celestial Lancer	
702			YES			Celestial Mech	
699			YES			Celestial Priest	
704			YES			Celestial Reaper	
701			YES			Celestial Soldier	
711			YES			Celestial Supreme	
756			YES			Centaur	
2136			YES			Centaur Gladiator	
754			YES			Cerberus	
2336			YES			Cerberus Ancient Dragon	
2338			YES			Cerberus Ancient Dragon Rider	
896			YES			Chameleon	
2151			YES			Chariot Gladiator	
787			YES			Chimera	
577			YES			Chinese Archer	
720			YES			Chock Nurris	
2051			YES			Chuck Norris Bahamut Dragon	
871			YES			Cobra Rider	
709			YES			Colossal Cobra	
2299			YES			Core Ancient Dragon	
2301			YES			Core Ancient Dragon Rider	
2296			YES			Corpse Ancient Draggy	
2295			YES			Corpse Ancient Dragon	
2297			YES			Corpse Ancient Dragon Rider	
693						Corrupted Draggy	
681						Corrupted Ent	
690						Corrupted wizard	
691						Corrupted wizard	
692						Corrupted Wizard	
504						Cow	
621			YES			Crab Knight	
679						Crab Knight	
657			YES			Crimson Scale Boss	
2027			YES			Crusher Orc	
790			YES			Crystal Draggy	
777			YES			Crystal Dragon	
841			YES			Crystal Dragon Rider	
748			YES			Cyclops	
2374			YES			Dark Abomination	
2373			YES			Dark Blow-Bug	
2371			YES			Dark Devourer	
2113			YES			Dark Evil God	
2119			YES			Dark Evil God	
2115			YES			Dark Evil God Minion	
2370			YES			Dark Horror Ancient Dragon	
2375			YES			Dark Horror Ancient Dragon Rider	
769			YES			Dark Punky Draggy	
2279			YES			Dark Shogun Epic Draggy	
2278			YES			Dark Shogun Epic Dragon	
2280			YES			Dark Shogun Epic Dragon Rider	
2372			YES			Dark Spider	
740			YES			Deadly Dragon Boss	
1532			YES			Deadly Dragon Boss	
820			YES			Death Draggy	
826			YES			Death Dragon	
845			YES			Death Dragon Rider	
2073			YES			Death Warrior	
2120			YES			Death Warrior	
2108			YES			Demolisher Gladiator	
654			YES			Demon Crusher	
2272			YES			Demon Dragon	
2274			YES			Demon Dragon Rider	
2367			YES			Devil Ancient Draggy	
2366			YES			Devil Ancient Dragon	
2368			YES			Devil Ancient Dragon Rider	
2150			YES			Devil Gladiator	
526	2					Devious Troll	
594	2					Devious Troll	
2309			YES			Devourer	
2257			YES			Diamonds Savage Draggy	
2256			YES			Diamonds Savage Dragon	
2258			YES			Diamonds Savage Dragon Rider	
733			YES			Dracula	
638			YES			Draggy	
672						Draggy	
658			YES			Draggy Boss	
872			YES			Dragon Hunter	
873			YES			Dragon Hunter II	
874			YES			Dragon Hunter III	
822			YES			Dragon Rider I	
823			YES			Dragon Rider II	
824			YES			Dragon Rider III	
604						Drummer	
2061			YES			Dual Axe Orc	
2163			YES			Dwarf Axe	
2164			YES			Dwarf Priest	
2165			YES			Dwarven Catapult	
2014			YES			Dynasty Draggy	
2013			YES			Dynasty Dragon	
2015			YES			Dynasty Dragon Rider	
543						Eagle	
683			YES			Earth Wizard	
2267			YES			Easter Dragon	
2268			YES			Easter Dragon Rider	
613			YES			Egyptian Warrior	
868			YES			Electric Bahamut Draggy	
862			YES			Electric Bahamut Dragon	
864			YES			Electric Bahamut Dragon Rider	
2017			YES			Electric Dynasty Draggy	
2016			YES			Electric Dynasty Dragon	
2018			YES			Electric Dynasty Dragon Rider	
2203			YES			Electric Epic Draggy	
2202			YES			Electric Epic Dragon	
2204			YES			Electric Epic Dragon Rider	
2172			YES			Electric Extreme Draggy	
2171			YES			Electric Extreme Dragon	
2173			YES			Electric Extreme Dragon Rider	
2077			YES			Elemental Fire Colossus	
2075			YES			Elemental Fire God	
2369			YES			Elemental Fire Goddess	
2080			YES			Elemental Forest Colossus	
2079			YES			Elemental Forest God	
2078			YES			Elemental Forest Minion	
2082			YES			Elemental Forest Minion	
2094			YES			Elemental Light Colossus	
2093			YES			Elemental Light God	
2350			YES			Elemental Light Goddess	
2092			YES			Elemental Light Minion	
2090			YES			Elemental Soul Colossus	
2089			YES			Elemental Soul God	
2091			YES			Elemental Soul Minion	
2086			YES			Elemental Water Colossus	
2085			YES			Elemental Water God	
2084			YES			Elemental Water Minion	
2096			YES			Elemental Water Minion	
524						Elephant	
603			YES			Elephant Rider	
627			YES			Elf Archer	
634			YES			Elf Ballista	
628			YES			Elf Druid	
2007			YES			Elf Priest	
633			YES			Elf Royal Archer	
629			YES			Elf Tiger	
626			YES			Elf Warrior	
508			YES			Elite Knight	
560			YES			Elite Master Knight	
507			YES			Elite Swordsman	
2021			YES			Elven Crossbow	
2022			YES			Elven Eagle Rider	
2224			YES			Enel Epic Draggy	
2223			YES			Enel Epic Dragon	
2225			YES			Enel Epic Dragon Rider	
570			YES			Engineer	
635			YES			Ent	
2306			YES			Ent Ancient Draggy	
2305			YES			Ent Ancient Dragon	
2307			YES			Ent Ancient Dragon Rider	
2314			YES			Ent Ancient Twister	
636			YES			Ent Spirit	
736			YES			Epic 2-Head Dragon	
838			YES			Epic 2-Head Dragon Rider	
670						Evil Anubis	
2083			YES			Evil Crows Whirlwind	
2072			YES			Evil Demon	
2112			YES			Evil Demon	
669						Evil Mummy	
895						Evil Orc Dragon	
747						Evil Pumpkin Monster	
827			YES			Evil Scorpion	
568			YES			Fire Cannon	
2337			YES			Fire Cerberus Draggy	
2025			YES			Fire Draggy	
2178			YES			Fire Extreme Draggy	
2177			YES			Fire Extreme Dragon	
2179			YES			Fire Extreme Dragon Rider	
2081			YES			Fire Soul Eater	
722			YES			Fire T-Rex	
2316			YES			Fireborn Bahamut Draggy	
2315			YES			Fireborn Bahamut Dragon	
2317			YES			Fireborn Bahamut Dragon Rider	
561			YES			Fly	
2189			YES			Forest Bug	
2187			YES			Forest Extreme Draggy	
2186			YES			Forest Extreme Dragon	
2188			YES			Forest Extreme Dragon Rider	
2269			YES			Forge Dragon	
2271			YES			Forge Dragon Rider	
732			YES			Frankenstein	
2184			YES			Frost Extreme Draggy	
2183			YES			Frost Extreme Dragon	
2185			YES			Frost Extreme Dragon Rider	
2024			YES			Frostfire Draggy	
785			YES			Furious Bull Dragon	
842			YES			Furious Bull Dragon Rider	
649			YES			Furious Dragon	
671						Furious Dragon	
832			YES			Furious Dragon Rider	
828			YES			Furious Zeus	
2049			YES			Galaxy Draggy	
2048			YES			Galaxy Dragon	
2050			YES			Galaxy Dragon Rider	
2152			YES			Genesis Earth Colossus	
2148			YES			Genesis Earth God	
2149			YES			Genesis Earth God Minion	
2235			YES			Genesis Ice Colossus	
2167			YES			Genesis Ice God	
2168			YES			Genesis Ice Minion	
2237			YES			Genesis Iron Colossus	
2169			YES			Genesis Iron God	
2170			YES			Genesis Iron Minion	
2236			YES			Genesis Shadow Colossus	
2160			YES			Genesis Shadow God	
2161			YES			Genesis Shadow Minion	
2162			YES			Genesis Wind Colossus	
2156			YES			Genesis Wind God	
2159			YES			Genesis Wind Minion	
734			YES			Ghost	
2328			YES			Ghost Epic Draggy	
2327			YES			Ghost Epic Dragon	
2329			YES			Ghost Epic Dragon Rider	
848			YES			Giant Bat	
792			YES			Giant Cyclops	
770			YES			Giant Mamooth	
653			YES			Giant Viper	
668						Giant Viper	
545						Giant Yeti	
778			YES			God Zeus	
745			YES			Godzilla	
876			YES			Golden  Bahamut Draggy	
2352			YES			Golden Armor Draggy	
2351			YES			Golden Armor Dragon	
2353			YES			Golden Armor Dragon Rider	
875			YES			Golden Bahamut Dragon	
877			YES			Golden Bahamut Rider	
710			YES			Golden Draggie	
708			YES			Golden Dragon	
739			YES			Golden Dragon Boss	
835			YES			Golden Dragon Rider	
2070			YES			Golden Dynasty Draggy	
2069			YES			Golden Dynasty Dragon	
2071			YES			Golden Dynasty Dragon Rider	
2197			YES			Golden Epic Draggy	
2196			YES			Golden Epic Dragon	
2198			YES			Golden Epic Dragon Rider	
2175			YES			Golden Extreme Draggy	
2174			YES			Golden Extreme Dragon	
2176			YES			Golden Extreme Dragon Rider	
641			YES			Golden Golem	
665						Golden Golem	
2036			YES			Golden Paladin	
846			YES			Green Bahamut Dragon	
852			YES			Green Bahamut Rider	
698			YES			Green Draggy	
2141			YES			Green Extreme Draggy	
2140			YES			Green Extreme Dragon	
2142			YES			Green Extreme Dragon Rider	
856			YES			Green Phoenix	
715			YES			Grim Reaper	
700			YES			Gryphon Knight	
865			YES			Guardian Archer	
870			YES			Guardian Axe	
863			YES			Guardian Swordsman	
765			YES			Hades	
780			YES			Harpy	
502			YES			Healer	
2095			YES			Heaven Colossus Minion	
518			YES			Heavy Archer	
573			YES			Heavy Archer Knight	
768			YES			Heavy Draggy	
766			YES			Heavy Dragon	
840			YES			Heavy Dragon Rider	
514			YES			Heavy Knight	
2130			YES			Hell Abyss Draggy	
2129			YES			Hell Abyss Dragon	
2131			YES			Hell Abyss Dragon Rider	
2303			YES			Hellborn Ancient Draggy	
2302			YES			Hellborn Ancient Dragon	
2304			YES			Hellborn Ancient Dragon Rider	
789			YES			Hercules	
751			YES			Hermes	
761			YES			Hermes Spearman	
760			YES			Hermes Swordsman	
772			YES			Hidros Titan	
557			YES			High Elf	
565			YES			High Elf	
784			YES			Horned Draggy	
2308			YES			Horror Ancient Dragon	
2313			YES			Horror Ancient Dragon Rider	
571						Horse	
869			YES			Horus Gryphon	
867			YES			Horus Herald	
625						Hurricane	
750			YES			Icarus	
2145			YES			Ice Golem	
2312			YES			Impaler	
2006			YES			Imperial Elf Archer	
2010			YES			Imperial Elf Axe	
2012			YES			Imperial Elf Catapult	
2011			YES			Imperial Elf Gryphon	
2009			YES			Imperial Elf Knight	
2005			YES			Imperial Elf Sword	
646			YES			Infernal Archer	
675						Infernal Archer	
645			YES			Infernal Demon	
674						Infernal Demon	
758			YES			Infernal Dragon	
839			YES			Infernal Dragon Rider	
648			YES			Infernal Halberdier	
677						Infernal Halberdier	
686			YES			Infernal Kamikaze	
647			YES			Infernal Knight	
676						Infernal Knight	
659			YES			Infernal Minion	
644			YES			Infernal Warrior	
673						Infernal Warrior	
2088			YES			Infraworld Minion	
2067			YES			Invisible Killer	
866			YES			Isis Healer	
2325			YES			Ivory Dinasty Draggy	
2324			YES			Ivory Dinasty Dragon	
2326			YES			Ivory Dinasty Dragon Rider	
2033			YES			Jade Dynasty Draggy	
2032			YES			Jade Dynasty Dragon	
2034			YES			Jade Dynasty Dragon Rider	
2206			YES			Jewel Epic Draggy	
2205			YES			Jewel Epic Dragon	
2207			YES			Jewel Epic Dragon Rider	
575			YES			Kamikaze	
618			YES			King Arthur	
717			YES			King Kong	
2107			YES			Knight Gladiator	
549	1					Kraken	
743			YES			Krazy Kamikaze	
2254			YES			Laser Epic Draggy	
2253			YES			Laser Epic Dragon	
2255			YES			Laser Epic Dragon Rider	
516			YES			Light Archer	
572			YES			Light Archer Knight	
512			YES			Light Knight	
651			YES			Lightning Draggy	
883			YES			Limit Wizard	
2125			YES			Lion Soul Gladiator	
783			YES			Little Spiky Spider	
2109			YES			Lizard Gladiator	
511			YES			Long Swordsman	
2087			YES			Luring Warrior	
763			YES			Lythos Minion	
757			YES			Lythos Titan	
2116			YES			Mace Gladiator	
831			YES			Mad Balrog	
786			YES			Manticora	
2101			YES			Medieval Ether Messiah	
2099			YES			Medieval Golden Slayer	
2102			YES			Medieval Samurai	
517			YES			Medium Archer	
515			YES			Medium Archer Knight	
513			YES			Medium Knight	
749			YES			Medusa	
886			YES			Megahealing Angel	
2053			YES			Metal T-Rex	
878			YES			Mini Anubis	
752			YES			Minotaur	
2144			YES			Minotaur Gladiator	
562			YES			Mishy	
602			YES			Mobile Tower	
569			YES			Monk	
894			YES			Monster Hunter	
716			YES			Monster Mole	
729			YES			Mr. Bones	
580	2					Mr. Troll	
581	2					Mrs. Troll	
615			YES			Mummy	
2230			YES			Nebula Epic Draggy	
2229			YES			Nebula Epic Dragon	
2231			YES			Nebula Epic Dragon Rider	
807			YES			Necro  Abomination	
800			YES			Necro  Gollum	
801			YES			Necro  Harvester	
803			YES			Necro  Multi-arms	
809			YES			Necro Archer	
815			YES			Necro Dark Lord	
825			YES			Necro Doublesword	
804			YES			Necro Executioner	
802			YES			Necro Fork Soldier	
821			YES			Necro Ghost	
812			YES			Necro Gryphon Knight	
799			YES			Necro Horseman	
806			YES			Necro King	
794			YES			Necro Paladin	
810			YES			Necro Priest	
817			YES			Necro Rhino	
805			YES			Necro Shark Monster	
795			YES			Necro Warrior	
811			YES			Necro Winged Warrior	
816			YES			Necro Worm	
2212			YES			Neon Epic Draggy	
2211			YES			Neon Epic Dragon	
2213			YES			Neon Epic Dragon Rider	
623			YES			Neptune	
678						Neptune	
536			YES			Nice Troll	
2331			YES			Night Enel Draggy	
2330			YES			Night Enel Dragon	
2332			YES			Night Enel Dragon Rider	
2364			YES			Night Forge Draggy	
2363			YES			Night Forge Dragon	
2365			YES			Night Forge Dragon Rider	
548	1					Octopus	
624						Octopus	
2074			YES			Orc Battering Ram	
887			YES			Orc Dragon	
2030			YES			Orc Spear Warrior	
2001			YES			Paladin Bahamut Draggy	
2000			YES			Paladin Bahamut Dragon	
2002			YES			Paladin Bahamut Rider	
546			YES			Penguin	
888			YES			Pharaoh Bahamut Dragon	
889			YES			Pharaoh Bahamut Dragon Rider	
890			YES			Pharaoh Draggy	
1282			YES		Statues	Phoenix Blue Egg	
1254			YES		Statues	Phoenix Egg	
2358			YES			Platinum Armor Draggy	
2357			YES			Platinum Armor Dragon	
2359			YES			Platinum Armor Dragon Rider	
773			YES			Poseidon	
540			YES			Powerful Archer	
574			YES			Powerful Archer Knight	
541			YES			Powerful Knight	
539			YES			Powerful Swordsman	
2138			YES			Predator Lizard	
2117			YES			Priest Gladiator	
2118			YES			Priest Gladiator Pet	
2054			YES			Priest Orc	
534			YES			Prince Arthur	
746			YES			Pumpkin Monster	
829			YES			Punisher Knight	
755			YES			Pyros Titan	
2127			YES			Queen Beast	
2128			YES			Queen Beast Spawn	
2037			YES			Rainbow Dragon	
2038			YES			Rainbow Dragon Rider	
519			YES			Ram	
860			YES			Ramses II	
535			YES			Ranger	
547	2					Ravager Troll	
564			YES			Ravager Troll	
600	2					Ravager Troll	
2348			YES			Red Armor Draggy	
2347			YES			Red Armor Dragon	
2349			YES			Red Armor Dragon Rider	
854			YES			Red Bahamut Draggy	
853			YES			Red Bahamut Dragon	
855			YES			Red Bahamut Rider	
2019			YES			Red Bull Rider	
2227			YES			Red Djinn Draggy	
2226			YES			Red Djinn Dragon	
2228			YES			Red Djinn Dragon Rider	
694			YES			Red Samurai	
652			YES			Red Wizard	
2209			YES			Red-Hot Epic Draggy	
2208			YES			Red-Hot Epic Dragon	
2210			YES			Red-Hot Epic Dragon Rider	
532			YES			Rehabbed Troll	
2008			YES			Reptile Knight	
2100			YES			Reptile Warrior	
601	2					Rhino Rider	
640			YES			Rhino Rider	
687			YES			Rhino Rider	
2334			YES			Rock Extreme Draggy	
2333			YES			Rock Extreme Dragon	
2335			YES			Rock Extreme Dragon Rider	
2251			YES			Rock Savage Draggy	
2250			YES			Rock Savage Dragon	
2252			YES			Rock Savage Dragon Rider	
566						Rockdriller	
637			YES			Rockdriller	
696						Rockdriller	
764			YES			Rodas Colossus	
609			YES			Royal Archer	
611			YES			Royal Archer Knight	
632			YES			Royal Elf	
610			YES			Royal Knight	
608			YES			Royal Swordsman	
813			YES			Rubies Draggy	
798			YES			Rubies Dragon	
844			YES			Rubies Dragon Rider	
2290			YES			Rune Ancient Draggy	
2289			YES			Rune Ancient Dragon	
2291			YES			Rune Ancient Dragon Rider	
2288			YES			Saint George Draggy	
2287			YES			Saint George Dragon	
2154			YES			Sand Storm Whirlwind	
567						Sanddriller	
697						Sanddriller	
2242			YES			Savage Draggy	
2241			YES			Savage Dragon	
2243			YES			Savage Dragon Rider	
695			YES			Sayan Dragon	
834			YES			Sayan Dragon Rider	
616			YES			Scarab	
898			YES			Scarab Minion	
897			YES			Scarab Rider	
730			YES			Scarecrow	
707			YES			Scary Zombie	
738			YES			Scary Zombie	
2245			YES			Scorch Savage Draggy	
2244			YES			Scorch Savage Dragon	
2246			YES			Scorch Savage Dragon Rider	
520			YES			Scorpion	
753			YES			Scorpion	
622			YES			Seahorse	
680						Seahorse	
503			YES			Settler	
2285			YES			Shaman Ancient Draggy	
2284			YES			Shaman Ancient Dragon	
2286			YES			Shaman Ancient Dragon Rider	
505						Sheep	
542						Ship	
2248			YES			Shock Savage Draggy	
2247			YES			Shock Savage Dragon	
2249			YES			Shock Savage Dragon Rider	
2218			YES			Shogun Epic Draggy	
2217			YES			Shogun Epic Dragon	
2219			YES			Shogun Epic Dragon Rider	
2020			YES			Silver Paladin	
558	1					Skeleton	
559	1					Skeleton	
563						Skeleton	
718			YES			Skeleton	
818			YES			Skeleton Archer	
2215			YES			Skull Epic Draggy	
2214			YES			Skull Epic Dragon	
2216			YES			Skull Epic Dragon Rider	
2122			YES			Sky Bahamut Draggy	
2121			YES			Sky Bahamut Dragon	
2123			YES			Sky Bahamut Dragon Rider	
2124			YES			Sky Whirlwind	
2103			YES			Slayer Minion	
525	2					Small Troll	
593	2					Small Troll	
819			YES			Snake Charmer	
741			YES			Snowy Kong	
2040			YES			Solar Draggy	
2039			YES			Solar Dragon	
2041			YES			Solar Dragon Rider	
2055			YES			Soul Eater	
2194			YES			Soul Extreme Draggy	
2193			YES			Soul Extreme Dragon	
2195			YES			Soul Extreme Dragon Rider	
2110			YES			Souls Whirlwind	
2260			YES			Space Savage Draggy	
2259			YES			Space Savage Dragon	
2261			YES			Space Savage Dragon Rider	
660			YES			Spartan Champion	
663			YES			Spartan Swordsman	
2276			YES			Spawn Savage Draggy	
2275			YES			Spawn Savage Dragon	
2277			YES			Spawn Savage Dragon Rider	
509			YES			Spearman	
2106			YES			Spearman Gladiator	
830			YES			Spectrum Dragon	
861			YES			Sphinx	
2031			YES			Spider Orc Rider	
782			YES			Spiky Spider	
2064			YES			Star Draggy	
2063			YES			Star Dragon	
2065			YES			Star Dragon Rider	
537						Stone Golem	
538						Stone Golem	
664						Stone Golem	
684			YES			Stormy Dragon	
833			YES			Stormy Dragon Rider	
762			YES			Stratos Titan	
630						Summoned Golem	
631						Summoned Yeti	
796			YES			Sun Wizard	
899			YES			Super Chameleon	
2004			YES			Supreme Bahamut Draggy	
2003			YES			Supreme Bahamut Dragon	
2146			YES			Swamp Minion	
2137			YES			Swamp Monster	
2105			YES			Sword Gladiator	
2059			YES			Sword Lion Warrior	
808			YES			Sword Skeleton	
510			YES			Swordsman	
713			YES			T-Rex	
2139			YES			T-Rex	
737			YES			T-Rex Knight	
2221			YES			Taiji Epic Draggy	
2220			YES			Taiji Epic Dragon	
2222			YES			Taiji Epic Dragon Rider	
744			YES			The Phoenix	
556			YES			Thor	
2239			YES			Thunder Epic Draggy	
2238			YES			Thunder Epic Dragon	
2240			YES			Thunder Epic Dragon Rider	
2340			YES			Thunder Forge Draggy	
2339			YES			Thunder Forge Dragon	
2341			YES			Thunder Forge Dragon Rider	
742			YES			Tiger Spider	
2153			YES			Tiny Fire God	
2166			YES			Tiny Light God	
2155			YES			Tiny Water God	
2046			YES			TNT Orc	
617						Tornado	
2104			YES			Tornado Heaven	
589	2					Troll Archer	
857						Troll Archer	
588	2					Troll Cannon	
587	2					Troll Catapult	
585	2					Troll Ram	
586	2					Troll Scorpion	
882			YES			Turkish Archer	
881			YES			Turkish Axeman	
885			YES			Turkish Horseman	
880			YES			Turkish Swordsman	
884			YES			Tuthankamon	
714			YES			Two-Headed Dragon	
836			YES			Two-Headed Dragon Rider	
779			YES			Ulises	
682						Unleashed Balrog	
759			YES			Valkyr	
554			YES			Valkyrie	
2342			YES			Venom Cerberus Draggy	
606			YES			Viking	
500			YES			Villager I	
501			YES			Villager I	
590	2					Voodoo Healer	
781			YES			Vulcano	
849			YES			Vulcano Draggy	
847			YES			Vulcano Dragon	
851			YES			Vulcano Dragon Rider	
2042			YES			Vulcano Golem	
2076			YES			Vulcano Minion	
2382			YES			Vulcano Minion	
529	2					War Troll	
552			YES			War Troll	
597	2					War Troll	
533			YES			Warrior Princess	
727			YES			Water Wizard	
2322			YES			Waterborn Bahamut Draggy	
2321			YES			Waterborn Bahamut Dragon	
2323			YES			Waterborn Bahamut Dragon Rider	
735			YES			Werewolf	
728						Whirlpool	
2147			YES			Whirlwind Minion	
639			YES			White Eagle	
706			YES			White Wizard	
555			YES			Willy Wallace	
2191			YES			Wind Extreme Draggy	
2190			YES			Wind Extreme Dragon	
2192			YES			Wind Extreme Dragon Rider	
662			YES			Winged Knight	
655			YES			Winged Paladin	
550			YES			Wizard	
553			YES			Wizard	
523						Wolf	
2345			YES			Wolf Ancient Draggy	
2344			YES			Wolf Ancient Dragon	
2346			YES			Wolf Ancient Dragon Rider	
2319			YES			Wraith Extreme Draggy	
2318			YES			Wraith Extreme Dragon	
2320			YES			Wraith Extreme Dragon Rider	
2062			YES			Wyvern Rider	
544						Yeti	
666						Yeti	
583						Zeppelin	
579	1					Zombie	